#export;EXP-2025-001 (2025-12-11T13:28:26+01:00)
#bron;https://data.rivm.nl/data/luchtmeetnet
#beschrijving data;https://data.rivm.nl/data/luchtmeetnet/readme.pdf
#
#
meetlocatie_id;bron_id;meetlocatie_naam;meetlocatie_plaatsnaam;breedtegraad;lengtegraad;hoogte;meetlocatie_begindatumtijd;meetlocatie_einddatumtijd
NL10533;LML;Aalsmeer;Aalsmeer;52.278999;4.793000;-3.000;1976-04-03T00:00:00+01:00;1986-04-01T00:00:00+01:00
NL233AA;PBP_SM;Aardenburg;Zeeland;51.270960;3.454770;9.000;2019-01-01T00:00:00+01:00;
NL10601;LML;Abcoude;Abcoude;52.255001;4.952000;0.000;1976-04-03T00:00:00+01:00;1985-01-01T00:00:00+01:00
NL10101;LML;Afferden;Afferden;51.632000;6.014000;16.000;1976-01-03T00:00:00+01:00;1993-12-31T00:00:00+01:00
NL01908;DCMR;Alblasserdam-De Helling;Alblasserdam;51.857928;4.660089;7.000;2013-12-21T00:00:00+01:00;
NL49680;GGDA;Almere-Boomgaardweg;Almere;52.373572;5.239257;0.000;2024-04-22T00:00:00+01:00;
NL10534;LML;Amsterdam-534;Amsterdam;52.393002;4.925000;0.000;1983-04-16T00:00:00+01:00;1986-04-01T00:00:00+01:00
NL10535;LML;Amsterdam-535;Amsterdam;52.390999;4.944000;-1.000;1983-03-03T00:00:00+01:00;1986-04-01T00:00:00+01:00
NL10545;LML;Amsterdam-A10 west;Amsterdam;52.339498;4.841021;-1.000;2007-04-01T00:00:00+01:00;2017-05-10T00:00:00+01:00
NL49018;GGDA;Amsterdam-A10zuid;Amsterdam;52.333992;4.897756;8.000;2004-01-01T00:00:00+01:00;2009-02-01T00:00:00+01:00
NL10518;LML;Amsterdam-Cabeliaustraat;Amsterdam;52.384998;4.804000;6.000;1976-04-03T00:00:00+01:00;2004-06-01T00:00:00+01:00
NL10521;LML;Amsterdam-Centrum-21;Amsterdam;52.372002;4.896000;0.000;1976-04-03T00:00:00+01:00;1986-04-01T00:00:00+01:00
NL49007;GGDA;Amsterdam-Einsteinweg;Amsterdam;52.381331;4.845233;2.000;1998-01-01T00:00:00+01:00;
NL10520;LML;Amsterdam-Florapark;Amsterdam;52.390930;4.917294;9.000;1976-04-03T00:00:00+01:00;2013-01-03T00:00:00+01:00
NL49002;GGDA;Amsterdam-Haarlemmerweg;Amsterdam;52.385422;4.875750;1.000;1998-01-01T00:00:00+01:00;
NL49704;GGDA;Amsterdam-Hoogtij;Amsterdam;52.428063;4.773219;1.000;2009-01-01T00:00:00+01:00;
NL49020;GGDA;Amsterdam-Jan van Galenstraat;Amsterdam;52.374786;4.860319;1.000;2007-01-01T00:00:00+01:00;
NL49021;GGDA;Amsterdam-Kantershof (Zuid Oost);Amsterdam;52.320692;4.988397;0.000;2007-01-01T00:00:00+01:00;
NL49003;GGDA;Amsterdam-Nieuwendammerdijk;Amsterdam;52.389314;4.943822;4.000;1998-01-01T00:00:00+01:00;
NL10516;LML;Amsterdam-Noord-16;Amsterdam;52.410999;4.889000;6.000;1976-04-03T00:00:00+01:00;1986-04-01T00:00:00+01:00
NL10523;LML;Amsterdam-Oost;Amsterdam;52.351002;4.925000;-3.000;1976-04-03T00:00:00+01:00;1986-04-01T00:00:00+01:00
NL49019;GGDA;Amsterdam-Oude Schans;Amsterdam;52.372056;4.904400;6.000;2007-01-01T00:00:00+01:00;
NL10543;LML;Amsterdam-Overtoom;Amsterdam;52.360001;4.866000;0.000;2007-10-01T00:00:00+01:00;2012-01-01T00:00:00+01:00
NL10544;LML;Amsterdam-Prins Bernhardplein;Amsterdam;52.348572;4.919536;3.000;2004-12-01T00:00:00+01:00;2012-01-01T00:00:00+01:00
NL49703;GGDA;Amsterdam-Spaarnwoude;Halfweg NH;52.398570;4.728589;-1.000;2009-01-01T00:00:00+01:00;
NL49022;GGDA;Amsterdam-Sportpark Ookmeer (Osdorp);Amsterdam;52.366811;4.793344;2.000;2007-01-01T00:00:00+01:00;
NL49017;GGDA;Amsterdam-Stadhouderskade;Amsterdam;52.358039;4.899700;5.000;1998-01-01T00:00:00+01:00;
NL49012;GGDA;Amsterdam-Van Diemenstraat;Amsterdam;52.389983;4.887811;3.000;2003-01-01T00:00:00+01:00;
NL49014;GGDA;Amsterdam-Vondelpark;Amsterdam;52.359714;4.866208;2.000;1998-01-01T00:00:00+01:00;
NL10519;LML;Amsterdam-West-19;Amsterdam;52.384998;4.844000;1.000;1976-04-03T00:00:00+01:00;1983-03-01T00:00:00+01:00
NL49016;GGDA;Amsterdam-Westerpark;Amsterdam;52.393972;4.870157;3.000;1999-01-01T00:00:00+01:00;
NL10525;LML;Amsterdam-Zuid;Amsterdam;52.330002;4.877000;-1.000;1976-04-03T00:00:00+01:00;1986-04-01T00:00:00+01:00
NL212_2;PBP_MAN;Amsterdamseveld Zuid;Bargerveen;52.673340;7.024830;19.000;2018-12-01T00:00:00+01:00;
NL10729;LML;Apeldoorn-Arnhemseweg;Apeldoorn;52.192001;5.962000;19.000;1988-04-22T00:00:00+01:00;2002-04-02T00:00:00+01:00
NL10727;LML;Apeldoorn-Loolaan;Apeldoorn;52.223000;5.954000;17.000;1988-04-22T00:00:00+01:00;2002-04-03T00:00:00+01:00
NL10728;LML;Apeldoorn-Stationsstraat;Apeldoorn;52.213965;5.966719;16.000;1988-04-19T00:00:00+01:00;2013-07-10T00:00:00+01:00
NL10102;LML;Arcen;Arcen;51.508999;6.193000;19.000;1976-01-03T00:00:00+01:00;1993-12-31T00:00:00+01:00
NL10316;LML;Arnemuiden;Arnemuiden;51.493999;3.685000;1.000;1976-01-03T00:00:00+01:00;1986-04-01T00:00:00+01:00
NL10711;LML;Arnhem-Centrum;Arnhem;51.981998;5.915000;14.000;1976-04-03T00:00:00+01:00;1985-01-01T00:00:00+01:00
NL10710;LML;Arnhem-Noord;Arnhem;51.998001;5.886000;78.000;1976-04-03T00:00:00+01:00;1985-01-01T00:00:00+01:00
NL10712;LML;Arnhem-Oost;Arnhem;51.980000;5.974000;10.000;1976-04-03T00:00:00+01:00;1985-01-01T00:00:00+01:00
NL54010;ODRA;Arnhem-Pleijroute GelreDome;Arnhem;51.962287;5.897375;11.000;2016-04-01T00:00:00+01:00;
NL54004;ODRA;Arnhem-Pleijroute Velperbroek;Arnhem;51.978328;5.969485;11.000;2010-01-01T00:00:00+01:00;
NL10707;LML;Arnhem-West;Arnhem;52.011002;5.832000;46.000;1976-04-03T00:00:00+01:00;1986-04-01T00:00:00+01:00
NL239AS;PBP_SM;Assen;Drenthe;53.013870;6.599740;17.000;2018-12-01T00:00:00+01:00;
NL10312;LML;Axel-Zaaidijk;Axel;51.284528;3.915346;5.000;1976-01-03T00:00:00+01:00;2013-03-01T00:00:00+01:00
NL49980;GGDA;Baamsum- Oude Ae;Termunten;53.290320;7.038890;0.000;2025-07-01T00:00:00+01:00;
NL10527;LML;Badhoevedorp;Badhoevedorp;52.327999;4.785000;8.000;1976-04-03T00:00:00+01:00;1986-04-01T00:00:00+01:00
NL49561;PNH;Badhoevedorp-Sloterweg;Badhoevedorp;52.333617;4.773469;-2.000;1998-01-01T00:00:00+01:00;
NL23UBALM;PBP_SM;Balistraat;Almere;52.401900;5.298490;4.000;2017-03-01T00:00:00+01:00;2019-02-01T00:00:00+01:00
NL10918;LML;Balk-Trophornsterweg;Balk;52.916938;5.573538;1.000;1976-04-03T00:00:00+01:00;
NL10706;LML;Barchem;Barchem;52.132999;6.423000;19.000;1976-04-03T00:00:00+01:00;1986-04-01T00:00:00+01:00
NL10703;LML;Barneveld;Barneveld;52.125999;5.601000;11.000;1976-04-03T00:00:00+01:00;1993-12-31T00:00:00+01:00
NL10744;LML;Barneveld-Scherpenzeelseweg;Barneveld;52.124260;5.586580;12.000;2008-12-01T00:00:00+01:00;2012-02-13T00:00:00+01:00
NL10818;LML;Barsbeek-De Veenen;Barsbeek;52.654154;6.017606;3.000;1986-11-25T00:00:00+01:00;
NL10116;LML;Beek (L);Beek (L);50.918999;5.773000;113.000;1976-01-03T00:00:00+01:00;1985-01-01T00:00:00+01:00
NL12134;LMRe;Beek-Vliegveldweg;Beek;50.916000;5.777000;114.000;1978-01-02T00:00:00+01:00;2012-12-02T00:00:00+01:00
NL10714;LML;Beesd;Beesd;51.891998;5.183000;2.000;1976-04-04T00:00:00+01:00;1993-12-31T00:00:00+01:00
NL2123_2;PBP_MAN;Benderseberg;Dwingelderveld;52.791880;6.391000;12.000;2018-12-01T00:00:00+01:00;
NL10612;LML;Benschop;Benschop;52.006001;4.983000;0.000;1976-04-03T00:00:00+01:00;1985-01-01T00:00:00+01:00
NL12442;LMRe;Berenplaat;Berenplaat;51.800658;4.708239;1.000;1982-12-31T00:00:00+01:00;1985-12-30T00:00:00+01:00
NL10218;LML;Bergen op Zoom;Bergen op Zoom;51.502998;4.275000;3.000;1976-01-03T00:00:00+01:00;1984-12-29T00:00:00+01:00
NL10805;LML;Bergentheim;Bergentheim;52.514999;6.602000;0.000;1976-04-03T00:00:00+01:00;1986-04-01T00:00:00+01:00
NL10228;LML;Bergeyk;Bergeyk;51.269001;5.398000;36.000;1976-01-03T00:00:00+01:00;1986-04-01T00:00:00+01:00
NL2137_7;PBP_MAN;Bergweg Vinkebaan;Kennemerland;52.420760;4.610180;19.000;2018-12-01T00:00:00+01:00;
NL2163_7;PBP_MAN;Berkenheuvels;Strabrechtse Heide;51.403040;5.603690;26.000;2021-01-01T00:00:00+01:00;
NL10217;LML;Best/Welschap;Best/Welschap;51.514000;5.398000;21.000;1976-01-03T00:00:00+01:00;1983-07-01T00:00:00+01:00
NL10510;LML;Beverwijk;Beverwijk;52.497002;4.663000;2.000;1976-04-03T00:00:00+01:00;1985-01-01T00:00:00+01:00
NL49570;PNH;Beverwijk West-Creutzberglaan;Beverwijk;52.489271;4.640536;6.000;2007-01-01T00:00:00+01:00;
NL10631;LML;Biddinghuizen-Hoekwantweg;Biddinghuizen;52.448710;5.619210;-4.000;1984-03-31T00:00:00+01:00;2017-04-12T00:00:00+01:00
NL12631;LMRe;Biddinghuizen-Hoekwantweg;Biddinghuizen;52.448710;5.619210;-4.000;1991-01-02T00:00:00+01:00;2005-01-12T00:00:00+01:00
NL10617;LML;Biddinghuizen-Kuilweg;Biddinghuizen;52.423214;5.593378;-1.000;1977-04-29T00:00:00+01:00;
NL10230;LML;Biest Houtakker-Biestsestraat;Houtakker;51.518388;5.148450;15.000;1984-03-31T00:00:00+01:00;
NL12230;LMRe;Biest Houtakker-Biestsestraat;Houtakker;51.518390;5.148450;15.000;2013-01-01T00:00:00+01:00;
NL20230;PBP_LML;Biest Houtakker-Biestsestraat;Houtakker;51.518390;5.148450;15.000;2021-12-01T00:00:00+01:00;
NL10627;LML;Bilthoven-Van Leeuwenhoeklaan;Bilthoven;52.119823;5.195095;5.000;1984-03-31T00:00:00+01:00;
NL10619;LML;Bilthoven-riv;Bilthoven;52.122002;5.195000;3.000;1976-04-03T00:00:00+01:00;1985-01-01T00:00:00+01:00
NL10224;LML;Bladel;Bladel;51.383999;5.198000;34.000;1976-01-03T00:00:00+01:00;1984-12-14T00:00:00+01:00
NL2184_4;PBP_MAN;Blauwe Hel;Binnenveld;52.015530;5.574350;0.000;2024-01-01T00:00:00+01:00;
NL10123;LML;Bocholtz;Bocholtz;50.820757;6.023724;185.000;1976-01-03T00:00:00+01:00;1993-12-31T00:00:00+01:00
NL10108;LML;Born;Born;51.040001;5.830000;33.000;1976-01-03T00:00:00+01:00;1993-12-31T00:00:00+01:00
NL238BO;PBP_SM;Borne;Overijssel;52.292980;6.736940;17.000;2018-12-01T00:00:00+01:00;
NL2118_4;PBP_MAN;Bosplaat Stuifdijk Paal 22;Terschelling;53.434010;5.453050;12.000;2019-01-01T00:00:00+01:00;
NL01484;DCMR;Botlek-Oude Maasweg;Botlek;51.888889;4.312500;5.000;1999-07-13T00:00:00+01:00;
NL01483;DCMR;Botlek-Spoortunnel;Botlek;51.870069;4.318061;9.000;2008-08-27T00:00:00+01:00;2016-02-01T00:00:00+01:00
NL2183_1;PBP_MAN;Botshol-Noord;Botshol;52.259380;4.932800;0.000;2024-01-01T00:00:00+01:00;
NL2154_6;PBP_MAN;Brabantse Wal;Brabantse Wal;51.413410;4.364540;16.000;2023-01-01T00:00:00+01:00;
NL10422;LML;Brandwijk;Brandwijk;51.886002;4.796000;-2.000;1977-01-20T00:00:00+01:00;1993-12-31T00:00:00+01:00
NL10241;LML;Breda-Bastenakenstraat;Breda;51.603080;4.781016;1.000;2005-02-01T00:00:00+01:00;
NL10211;LML;Breda-Centrum;Breda;51.585999;4.774000;2.000;1976-01-03T00:00:00+01:00;1986-04-01T00:00:00+01:00
NL10212;LML;Breda-Noord;Breda;51.610001;4.791000;6.000;1976-01-03T00:00:00+01:00;1984-12-29T00:00:00+01:00
NL10240;LML;Breda-Tilburgseweg;Breda;51.593540;4.824988;8.000;2005-04-01T00:00:00+01:00;
NL12135;LMRe;Breehey;Meterik;51.466670;5.983333;30.000;1982-12-31T00:00:00+01:00;1987-12-31T00:00:00+01:00
NL10641;LML;Breukelen-Snelweg;Nieuwersluis;52.201506;4.987367;1.000;1993-09-01T00:00:00+01:00;
NL10115;LML;Brunssum;Brunssum;50.939999;5.951000;96.000;1976-01-03T00:00:00+01:00;1985-01-01T00:00:00+01:00
NL10227;LML;Budel-Toom;Budel;51.266709;5.561195;32.000;1976-01-03T00:00:00+01:00;2013-01-02T00:00:00+01:00
NL10320;LML;Burgh-Haamstede-Torenweg;Burgh-Haamstede;51.706440;3.714500;6.000;2023-08-15T00:00:00+01:00;
NL10905;LML;Burum;Burum;53.266998;6.206000;1.000;1976-04-03T00:00:00+01:00;1985-01-01T00:00:00+01:00
NL10528;LML;Bussum;Bussum;52.279999;5.185000;6.000;1976-04-03T00:00:00+01:00;1985-01-01T00:00:00+01:00
NL10548;LML;Bussum-Ceintuurbaan;Bussum;52.267980;5.175830;10.000;2008-01-01T00:00:00+01:00;2013-01-08T00:00:00+01:00
NL10815;LML;Buurse;Buurse;52.139999;6.799000;30.000;1976-04-03T00:00:00+01:00;1986-04-01T00:00:00+01:00
NL10644;LML;Cabauw-Wielsekade;Cabauw;51.974489;4.923301;0.000;2011-03-24T00:00:00+01:00;
NL10620;LML;Cabauw-Zijdeweg;Cabauw;51.970250;4.926178;11.000;1976-04-03T00:00:00+01:00;2012-01-01T00:00:00+01:00
NL21125_1;PBP_MAN;Canisvlietsche Kreek;Canisvliet;51.214920;3.816100;0.000;2020-02-01T00:00:00+01:00;
NL10506;LML;Castricum;Castricum;52.551998;4.618000;0.000;1976-04-03T00:00:00+01:00;1985-01-01T00:00:00+01:00
NL235CA;PBP_SM;Castricum;Noord-Holland;52.555460;4.682260;5.000;2018-12-01T00:00:00+01:00;
NL2145_4;PBP_MAN;Compartiment 4;Mariapeel;51.415760;5.917170;35.000;2021-01-01T00:00:00+01:00;
NL10904;LML;Cornjum;Cornjum;53.241001;5.813000;0.000;1976-04-02T00:00:00+01:00;1993-12-31T00:00:00+01:00
NL2147_1;PBP_MAN;Crayhof;Meinweg;51.150000;6.151280;49.000;2017-05-01T00:00:00+01:00;
NL10804;LML;Dalfsen;Dalfsen;52.526001;6.216000;1.000;1976-04-03T00:00:00+01:00;1985-01-01T00:00:00+01:00
NL12628;LMRe;De Bilt-Wilhelminalaan;De Bilt;52.099522;5.176501;2.000;1978-01-02T00:00:00+01:00;
NL211038_4;PBP_MAN;De Blauwe Kamer;Rijntakken;51.951060;5.605030;0.000;2024-01-01T00:00:00+01:00;
NL2115_3;PBP_MAN;De Dulf;Van Oordts Mersken;53.048530;6.008570;-1.000;2017-04-01T00:00:00+01:00;
NL21105_1;PBP_MAN;De Kikker;Zouweboezem;51.952030;4.991290;0.000;2024-01-01T00:00:00+01:00;
NL12541;LMRe;De Kooy;Den Helder;52.917000;4.783000;1.000;1978-01-02T00:00:00+01:00;1987-12-31T00:00:00+01:00
NL2135_1;PBP_MAN;De Logt 5a;Kampina;51.548740;5.255290;13.000;2017-05-01T00:00:00+01:00;
NL211008_1;PBP_MAN;De Middelplaat;Lauwersmeer;53.323280;6.244660;0.000;2021-01-01T00:00:00+01:00;
NL49556;PNH;De Rijp-Oostdijkje;De Rijp;52.563643;4.861641;3.000;2002-01-01T00:00:00+01:00;
NL10243;LML;De Rips-Blaarpeelweg;De Rips;51.547406;5.838029;26.000;2007-07-01T00:00:00+01:00;2016-01-19T00:00:00+01:00
NL10244;LML;De Rips-Klotterpeellaan;De Rips;51.535910;5.808475;27.000;2007-07-01T00:00:00+01:00;2016-01-19T00:00:00+01:00
NL2178_4;PBP_MAN;De Zeearend;Oostvaardersplassen;52.434960;5.329480;-3.000;2017-07-01T00:00:00+01:00;
NL10444;LML;De Zilk-Vogelaarsdreef;De Zilk;52.296556;4.510817;4.000;1994-01-01T00:00:00+01:00;
NL11444;EMEP;De Zilk-Vogelaarsdreef;De Zilk;52.296556;4.510817;4.000;2013-01-01T00:00:00+01:00;
NL12444;LMRe;De Zilk-Vogelaarsdreef;De Zilk;52.296556;4.510817;4.000;1994-04-20T00:00:00+01:00;
NL20444;PBP_LML;De Zilk-Vogelaarsdreef;De Zilk;52.296560;4.510817;4.000;2017-03-01T00:00:00+01:00;
NL12735;LMRe;Deelen;Deelen;52.061001;5.888000;58.000;1978-01-02T00:00:00+01:00;1985-12-31T00:00:00+01:00
NL10811;LML;Delden;Delden;52.266998;6.617000;18.000;1976-04-03T00:00:00+01:00;1985-01-01T00:00:00+01:00
NL10413;LML;Delft;Delft;51.980000;4.355000;3.000;1976-01-03T00:00:00+01:00;1985-01-01T00:00:00+01:00
NL10903;LML;Delfzijl-Geefsweersterweg;Delfzijl;53.314999;6.936000;0.000;1976-04-03T00:00:00+01:00;1993-12-31T00:00:00+01:00
NL10204;LML;Den Bosch-Centrum;Den Bosch;51.692001;5.296000;10.000;1976-01-03T00:00:00+01:00;1984-12-29T00:00:00+01:00
NL10205;LML;Den Bosch-Zuid;Den Bosch;51.683998;5.324000;12.000;1977-02-27T00:00:00+01:00;1986-04-01T00:00:00+01:00
NL10446;LML;Den Haag-Bleriotlaan;Den Haag;52.039023;4.359376;0.000;2005-11-01T00:00:00+01:00;
NL10450;LML;Den Haag-Neherkade;Den Haag;52.062537;4.318551;1.000;2022-09-29T00:00:00+01:00;
NL10404;LML;Den Haag-Rebecquestraat;Den Haag;52.077148;4.289185;4.000;1976-01-02T00:00:00+01:00;
NL10445;LML;Den Haag-Veerkade;Den Haag;52.075071;4.315872;0.000;2003-09-01T00:00:00+01:00;
NL20445;PBP_LML;Den Haag-Veerkade;Den Haag;52.075070;4.315872;0.000;2017-04-01T00:00:00+01:00;
NL10405;LML;Den Haag-West;Den Haag;52.058998;4.227000;3.000;1976-01-03T00:00:00+01:00;1985-01-01T00:00:00+01:00
NL10407;LML;Den Haag-Zuid;Den Haag;52.035000;4.256000;10.000;1976-01-03T00:00:00+01:00;1985-01-01T00:00:00+01:00
NL10501;LML;Den Helder;Den Helder;52.923000;4.784000;0.000;1976-04-03T00:00:00+01:00;1985-09-01T00:00:00+01:00
NL10502;LML;Den Oever/Wiering;Den Oever/Wieringen;52.932999;5.041000;3.000;1976-04-03T00:00:00+01:00;1985-01-01T00:00:00+01:00
NL10809;LML;Denekamp;Denekamp;52.402000;7.035000;29.000;1976-04-03T00:00:00+01:00;1993-12-31T00:00:00+01:00
NL237DI;PBP_SM;Dinxperlo;Gelderland;51.873000;6.489050;24.000;2018-12-01T00:00:00+01:00;
NL233DI;PBP_SM;Dirksland;Zuid-Holland;51.751040;4.099060;8.000;2018-12-01T00:00:00+01:00;2021-08-01T00:00:00+01:00
NL10713;LML;Doetinchem;Doetinchem;51.935001;6.310000;12.000;1976-04-03T00:00:00+01:00;1985-01-01T00:00:00+01:00
NL10915;LML;Donkerbroek;Donkerbroek;53.021000;6.219000;5.000;1976-04-03T00:00:00+01:00;1985-01-01T00:00:00+01:00
NL10427;LML;Dordrecht;Dordrecht;51.806000;4.671000;0.000;1976-04-03T00:00:00+01:00;1989-09-19T00:00:00+01:00
NL10442;LML;Dordrecht-Bamendaweg;Dordrecht;51.800658;4.708239;1.000;2010-11-01T00:00:00+01:00;
NL10441;LML;Dordrecht-Frisostraat;Dordrecht;51.805279;4.668889;3.000;1989-09-28T00:00:00+01:00;2010-12-01T00:00:00+01:00
NL12736;LMRe;Druten;Horssen;51.866670;5.600000;5.000;1982-12-31T00:00:00+01:00;1987-12-31T00:00:00+01:00
NL10428;LML;Dubbeldam;Dubbeldam;51.794998;4.705000;9.000;1976-04-03T00:00:00+01:00;1984-10-01T00:00:00+01:00
NL10202;LML;Dussen;Dussen;51.737999;4.981000;0.000;1976-01-03T00:00:00+01:00;1993-12-31T00:00:00+01:00
NL10722;LML;Eibergen-Lintveldseweg;Eibergen;52.091742;6.605352;20.000;1984-03-31T00:00:00+01:00;
NL12722;LMRe;Eibergen-Lintveldseweg;Eibergen;52.091742;6.605352;20.000;1982-12-31T00:00:00+01:00;2005-01-12T00:00:00+01:00
NL20722;PBP_LML;Eibergen-Lintveldseweg;Eibergen;52.091740;6.605352;20.000;2017-03-01T00:00:00+01:00;
NL231EI;PBP_SM;Eijsden;Limburg;50.774800;5.714260;64.000;2018-12-01T00:00:00+01:00;
NL50012;ODZL;Eijsden Trichterweg;Eijsden;50.783660;5.703113;49.000;2024-07-01T00:00:00+01:00;
NL12239;LMRe;Eindhoven;Eindhoven;51.419000;5.480000;16.000;1978-01-02T00:00:00+01:00;1986-01-02T00:00:00+01:00
NL10236;LML;Eindhoven-Genovevalaan;Eindhoven;51.468631;5.472313;20.000;1989-01-26T00:00:00+01:00;
NL10220;LML;Eindhoven-Noord;Eindhoven;51.473999;5.485000;18.000;1976-01-03T00:00:00+01:00;1986-04-01T00:00:00+01:00
NL10237;LML;Eindhoven-Noordbrabantlaan;Eindhoven;51.444157;5.444833;21.000;1989-01-19T00:00:00+01:00;
NL10221;LML;Eindhoven-Oost;Eindhoven;51.431000;5.505000;19.000;1976-01-03T00:00:00+01:00;1984-12-29T00:00:00+01:00
NL10238;LML;Eindhoven-Piuslaan;Eindhoven;51.431000;5.503000;21.000;1989-01-19T00:00:00+01:00;2002-09-03T00:00:00+01:00
NL10110;LML;Einighausen;Einighausen;50.997002;5.826000;56.000;1976-01-03T00:00:00+01:00;1985-01-01T00:00:00+01:00
NL231EL;PBP_SM;Elsloo;Limburg;50.951030;5.764480;69.000;2018-12-01T00:00:00+01:00;
NL10923;LML;Emmerschans;Emmerschans;52.799999;6.940000;22.000;1976-04-03T00:00:00+01:00;1986-04-01T00:00:00+01:00
NL238EN;PBP_SM;Enschede;Overijssel;52.207720;6.964970;49.000;2018-12-01T00:00:00+01:00;
NL10814;LML;Enschede-Centrum;Enschede;52.220001;6.897000;42.000;1976-04-03T00:00:00+01:00;1984-06-01T00:00:00+01:00
NL10820;LML;Enschede-Espoortstraat;Enschede;52.217762;6.907975;48.000;2009-01-01T00:00:00+01:00;2010-09-01T00:00:00+01:00
NL10821;LML;Enschede-Winkelhorst.;Enschede;52.234532;6.919452;58.000;2010-06-01T00:00:00+01:00;
NL10816;LML;Enschede-Zuid;Enschede;52.214001;6.888000;38.000;1977-06-24T00:00:00+01:00;1986-04-02T00:00:00+01:00
NL12731;LMRe;Epe;Epe;52.366670;5.966667;37.000;1982-12-31T00:00:00+01:00;1985-12-30T00:00:00+01:00
NL01482;DCMR;Europoort-Markweg;Europoort;51.959417;4.091394;6.000;2004-01-01T00:00:00+01:00;2016-01-01T00:00:00+01:00
NL10914;LML;Ferwoude;Ferwoude;53.013000;5.431000;-1.000;1976-04-03T00:00:00+01:00;1984-11-02T00:00:00+01:00
NL10246;LML;Fijnaart-Zwingelspaansedijk;Fijnaart;51.653715;4.515295;2.000;2007-09-01T00:00:00+01:00;
NL2173_4;PBP_MAN;Fort Rammekens;Westerschelde en Saeftinghe;51.452470;3.655030;0.000;2020-09-01T00:00:00+01:00;
NL10113;LML;Geleen;Geleen;50.967999;5.827000;74.000;1976-01-03T00:00:00+01:00;1985-12-02T00:00:00+01:00
NL50003;ODZL;Geleen-Asterstraat;Geleen;50.984447;5.822233;67.000;2010-01-01T00:00:00+01:00;
NL50002;ODZL;Geleen-Vouershof;Geleen;50.963203;5.810622;73.000;2012-01-01T00:00:00+01:00;
NL10726;LML;Gendringen;Gendringen;51.877998;6.403000;14.000;1986-09-13T00:00:00+01:00;1993-12-31T00:00:00+01:00
NL12231;LMRe;Gilze-Rijen-Rijksweg;Gilze-Rijen;51.566002;4.933000;12.000;1978-01-02T00:00:00+01:00;2012-12-30T00:00:00+01:00
NL239GR;PBP_SM;Grijpskerk;Groningen;53.268500;6.317470;5.000;2018-12-01T00:00:00+01:00;
NL10908;LML;Groningen-Centrum;Groningen;53.226002;6.566000;8.000;1976-04-03T00:00:00+01:00;1986-04-02T00:00:00+01:00
NL10937;LML;Groningen-Europaweg;Groningen;53.217826;6.578889;5.000;2003-05-01T00:00:00+01:00;
NL20937;PBP_LML;Groningen-Europaweg;Groningen;53.217830;6.578889;3.000;2017-03-01T00:00:00+01:00;
NL10938;LML;Groningen-Nijensteinheerd;Groningen;53.246505;6.609042;0.000;2005-04-25T00:00:00+01:00;
NL10909;LML;Groningen-Zuid;Groningen;53.199001;6.579000;11.000;1976-04-04T00:00:00+01:00;1985-01-01T00:00:00+01:00
NL2154_1;PBP_MAN;Groote Meer;Brabantse Wal;51.405660;4.384240;16.000;2018-12-01T00:00:00+01:00;2022-11-01T00:00:00+01:00
NL219_5;PBP_MAN;Haaksbergerveen-Kerkenveen;Buurserzand en Haaksbergerveen;52.120120;6.788430;35.000;2017-04-01T00:00:00+01:00;
NL12822;LMRe;Haaksbergerveen-Stratersdijk;Haaksbergen;52.122940;6.786940;35.000;2023-09-11T00:00:00+01:00;
NL10517;LML;Haarlem;Haarlem;52.382000;4.649000;0.000;1976-04-03T00:00:00+01:00;1989-06-28T00:00:00+01:00
NL10537;LML;Haarlem-Amsterdamsevaart;Haarlem;52.381040;4.647590;1.000;1989-11-21T00:00:00+01:00;2015-01-21T00:00:00+01:00
NL10550;LML;Haarlem-Schipholweg;Haarlem;52.370518;4.642309;2.000;2014-12-15T00:00:00+01:00;
NL239HA;PBP_SM;Haren;Groningen;53.171270;6.628210;10.000;2018-12-01T00:00:00+01:00;
NL10508;LML;Heemskerkerduin;Heemskerkerduin;52.507000;4.645000;2.000;1977-11-03T00:00:00+01:00;1993-12-01T00:00:00+01:00
NL10524;LML;Heemstede;Heemstede;52.355000;4.626000;11.000;1976-04-03T00:00:00+01:00;1985-01-01T00:00:00+01:00
NL10505;LML;Heerhugowaard;Heerhugowaard;52.639999;4.796000;-3.000;1976-04-03T00:00:00+01:00;1986-04-01T00:00:00+01:00
NL10426;LML;Heerjansdam;Heerjansdam;51.842999;4.573000;2.000;1976-04-03T00:00:00+01:00;1986-04-01T00:00:00+01:00
NL10119;LML;Heerlen;Heerlen;50.865002;6.003000;152.000;1976-01-03T00:00:00+01:00;1985-01-01T00:00:00+01:00
NL10137;LML;Heerlen-Deken Nicolayestraat;Heerlen;50.884870;5.977283;118.000;2004-08-01T00:00:00+01:00;2014-01-30T00:00:00+01:00
NL10138;LML;Heerlen-Jamboreepad;Heerlen;50.900317;5.986853;99.000;2013-11-01T00:00:00+01:00;
NL20138;PBP_LML;Heerlen-Jamboreepad;Heerlen;50.900320;5.986853;99.000;2017-01-01T00:00:00+01:00;2019-08-01T00:00:00+01:00
NL10136;LML;Heerlen-Looierstraat;Heerlen;50.887951;5.970529;112.000;2004-08-01T00:00:00+01:00;
NL20136;PBP_LML;Heerlen-Looierstraat;Heerlen;50.887950;5.970529;109.000;2017-02-01T00:00:00+01:00;2019-08-01T00:00:00+01:00
NL10225;LML;Heeze;Heeze;51.395000;5.580000;25.000;1976-01-03T00:00:00+01:00;1993-12-31T00:00:00+01:00
NL10210;LML;Heijningen;Heijningen;51.652000;4.408000;1.000;1976-01-03T00:00:00+01:00;1993-12-31T00:00:00+01:00
NL10807;LML;Hellendoorn-Luttenbergerweg;Hellendoorn;52.388291;6.402900;10.000;1976-04-02T00:00:00+01:00;
NL10209;LML;Helvoirt;Helvoirt;51.634998;5.207000;7.000;1976-01-03T00:00:00+01:00;1993-12-31T00:00:00+01:00
NL10504;LML;Hem;Hem;52.659000;5.169000;-1.000;1976-04-03T00:00:00+01:00;1993-12-31T00:00:00+01:00
NL10812;LML;Hengelo;Hengelo;52.264000;6.795000;18.000;1976-04-03T00:00:00+01:00;1985-01-02T00:00:00+01:00
NL215_2;PBP_MAN;Hengstpolder;Biesbosch;51.804420;4.806160;1.000;2019-03-01T00:00:00+01:00;
NL2165_1;PBP_MAN;Het Leesten;Veluwe;52.162450;5.901690;64.000;2018-12-01T00:00:00+01:00;
NL2143_5;PBP_MAN;Het Quin;Maasduinen;51.649660;6.015390;16.000;2018-12-01T00:00:00+01:00;
NL10201;LML;Het Wild;Het Wild;51.766998;5.369000;3.000;1976-01-03T00:00:00+01:00;1984-12-29T00:00:00+01:00
NL237HE;PBP_SM;Heveadorp;Gelderland;51.975640;5.808740;40.000;2018-12-01T00:00:00+01:00;
NL10530;LML;Hilversum;Hilversum;52.224998;5.183000;7.000;1976-04-03T00:00:00+01:00;1985-01-01T00:00:00+01:00
NL10547;LML;Hilversum-J. Gerardtsweg;Hilversum;52.235083;5.181552;5.000;2008-01-01T00:00:00+01:00;2018-01-09T00:00:00+01:00
NL01496;DCMR;Hoek v. Holland-Berghaven;Hoek v. Holland;51.977830;4.121903;6.000;2007-01-01T00:00:00+01:00;
NL10412;LML;Hoek van Holland;Hoek van Holland;51.983002;4.111000;8.000;1976-01-03T00:00:00+01:00;1993-12-31T00:00:00+01:00
NL10603;LML;Hoevelaken;Hoevelaken;52.179001;5.428000;4.000;1976-04-03T00:00:00+01:00;1986-04-02T00:00:00+01:00
NL49564;PNH;Hoofddorp-Hoofdweg;Hoofddorp;52.327464;4.715008;-4.000;1998-01-01T00:00:00+01:00;
NL10708;LML;Hoog-Keppel;Hoog-Keppel;52.007000;6.197000;10.000;1976-04-03T00:00:00+01:00;1986-04-01T00:00:00+01:00
NL10920;LML;Hoogersmilde;Hoogersmilde;52.903999;6.406000;12.000;1976-04-03T00:00:00+01:00;1993-12-31T00:00:00+01:00
NL01485;DCMR;Hoogvliet-Leemkuil;Hoogvliet;51.867411;4.355242;3.000;2003-01-01T00:00:00+01:00;
NL21906_1;PBP_MAN;Hoornermeeden;Blijham De Wedderbergen;53.077240;7.072210;4.000;2018-12-01T00:00:00+01:00;
NL50006;ODZL;Horst a/d Maas-Hoogheide;Lottum;51.454001;6.108217;26.000;2011-01-01T00:00:00+01:00;
NL10235;LML;Huijbergen-Vennekenstraat;Huijbergen;51.434434;4.359769;21.000;1986-08-22T00:00:00+01:00;
NL12235;LMRe;Huijbergen-Vennekenstraat;Huijbergen;51.434434;4.359769;21.000;1982-12-31T00:00:00+01:00;2005-01-12T00:00:00+01:00
NL10118;LML;Hulsberg;Hulsberg;50.883999;5.852000;137.000;1976-01-08T00:00:00+01:00;1985-01-01T00:00:00+01:00
NL49551;PNH;IJmuiden-Kanaaldijk;IJmuiden;52.463040;4.601776;10.000;1998-01-01T00:00:00+01:00;
NL2198_2;PBP_MAN;It Set;Groote Wielen;53.232710;5.877270;0.000;2017-04-01T00:00:00+01:00;
NL239JU;PBP_SM;Jubbega;Friesland;52.989060;6.112740;7.000;2018-12-01T00:00:00+01:00;
NL233KA;PBP_SM;Kamperland;Zeeland;51.568520;3.702700;1.000;2022-12-01T00:00:00+01:00;
NL2128_3;PBP_MAN;Kersenweide Gerendal;Geuldal;50.852320;5.855700;83.000;2018-12-01T00:00:00+01:00;
NL10901;LML;Kloosterburen;Kloosterburen;53.402386;6.411765;8.000;1976-04-03T00:00:00+01:00;1990-01-01T00:00:00+01:00
NL12901;LMRe;Kloosterburen;Kloosterburen;53.402390;6.411765;8.000;1987-12-31T00:00:00+01:00;1990-01-02T00:00:00+01:00
NL10208;LML;Klundert;Klundert;51.645000;4.580000;1.000;1976-01-03T00:00:00+01:00;1986-04-01T00:00:00+01:00
NL53015;OMWB;Klundert Kerkweg;Moerdijk;51.668830;4.541563;1.000;2013-01-01T00:00:00+01:00;
NL10314;LML;Koewacht;Koewacht;51.228001;3.950000;2.000;1976-01-03T00:00:00+01:00;1993-12-31T00:00:00+01:00
NL10503;LML;Kolhorn;Kolhorn;52.786999;4.901000;-2.000;1976-04-03T00:00:00+01:00;1986-03-30T00:00:00+01:00
NL10934;LML;Kollumerwaard-Hooge Zuidwal;Kollumerwaard;53.330425;6.276942;1.000;1989-01-01T00:00:00+01:00;
NL11934;EMEP;Kollumerwaard-Hooge Zuidwal;Kollumerwaard;53.330425;6.276942;1.000;1993-06-30T00:00:00+01:00;2013-01-01T00:00:00+01:00
NL12934;LMRe;Kollumerwaard-Hooge Zuidwal;Kollumerwaard;53.330425;6.276942;1.000;1990-01-03T00:00:00+01:00;2012-12-30T00:00:00+01:00
NL10743;LML;Kootwijkerbroek-Drieenhuizerweg;Kootwijkerbroek;52.154067;5.664074;19.000;2008-09-01T00:00:00+01:00;2013-07-10T00:00:00+01:00
NL211012_1;PBP_MAN;Kop Bloksloot;Sneekermeergebied;53.000990;5.747140;-1.000;2017-04-01T00:00:00+01:00;
NL10509;LML;Krommenie;Krommenie;52.502998;4.763000;-1.000;1976-04-03T00:00:00+01:00;1986-04-01T00:00:00+01:00
NL10801;LML;Kuinre;Kuinre;52.766998;5.801000;-3.000;1976-04-03T00:00:00+01:00;1984-12-25T00:00:00+01:00
NL10507;LML;Kwadijk-Westerweg;Kwadijk;52.514999;5.007000;0.000;1976-04-03T00:00:00+01:00;1997-03-01T00:00:00+01:00
NL2132_7;PBP_MAN;Laars Elfde Ven;Groote Peel;51.347380;5.823310;28.000;2021-02-01T00:00:00+01:00;
NL2149_2;PBP_MAN;Laatste Petgat;Nieuwkoopse Plassen;52.147780;4.818060;-1.000;2018-12-01T00:00:00+01:00;
NL10203;LML;Lage Zwaluwe;Lage Zwaluwe;51.714001;4.690000;0.000;1976-01-03T00:00:00+01:00;1984-12-29T00:00:00+01:00
NL10549;LML;Laren-Jagerspad;Laren;52.257356;5.235903;4.000;2008-01-01T00:00:00+01:00;2018-01-24T00:00:00+01:00
NL211136_4;PBP_MAN;Leenderheide;Leenderbos Groote Heide en De Plateaux;51.399270;5.515080;22.000;2019-01-01T00:00:00+01:00;
NL10613;LML;Leersum;Leersum;52.011002;5.380000;5.000;1976-04-03T00:00:00+01:00;1986-04-01T00:00:00+01:00
NL21930_1;PBP_MAN;Leersumsche Veld;Utrechtse Heuvelrug;52.036040;5.430880;0.000;2023-12-01T00:00:00+01:00;
NL12936;LMRe;Leeuwarden;Leeuwarden;53.221000;5.754000;1.000;1978-01-02T00:00:00+01:00;1988-01-04T00:00:00+01:00
NL10401;LML;Leiden;Leiden;52.160999;4.496000;9.000;1976-01-03T00:00:00+01:00;1985-01-01T00:00:00+01:00
NL10447;LML;Leiden-Willem de Zwijgerlaan;Leiden;52.167753;4.507560;2.000;2004-12-01T00:00:00+01:00;2015-12-11T00:00:00+01:00
NL10540;LML;Leiduin;Leiduin;52.346001;4.598000;5.000;1986-10-01T00:00:00+01:00;1993-08-17T00:00:00+01:00
NL12540;LMRe;Leiduin;Leiduin;52.346000;4.598000;5.000;1982-12-31T00:00:00+01:00;1993-05-19T00:00:00+01:00
NL12632;LMRe;Lelystad;Lelystad;52.500000;5.416667;-1.000;1978-01-02T00:00:00+01:00;1990-01-02T00:00:00+01:00
NL10614;LML;Lelystad-Haven;Lelystad;52.501999;5.417000;4.000;1976-04-03T00:00:00+01:00;1986-04-01T00:00:00+01:00
NL222_2;PBP_BB;Leunen 2;Leunen;51.507800;5.979000;26.000;2019-10-01T00:00:00+01:00;2020-11-01T00:00:00+01:00
NL222_6;PBP_BB;Leunen 6;Leunen;51.499800;5.966600;27.000;2019-10-01T00:00:00+01:00;2020-11-01T00:00:00+01:00
NL10716;LML;Leuth;Leuth;51.838001;5.998000;17.000;1977-10-20T00:00:00+01:00;1993-12-31T00:00:00+01:00
NL10305;LML;Lewedorp;Lewedorp;51.491001;3.776000;9.000;1976-01-03T00:00:00+01:00;1993-12-31T00:00:00+01:00
NL211021_2;PBP_MAN;Liefstinghsbroek 2;Vlagtwedde;53.007510;7.119560;3.000;2022-12-01T00:00:00+01:00;
NL211021_3;PBP_MAN;Liefstinghsbroek 3;Vlagtwedde;53.005200;7.124650;5.000;2022-12-01T00:00:00+01:00;
NL211021_9;PBP_MAN;Liefstinghsbroek 9;Vlagtwedde;52.996600;7.105810;4.000;2022-12-01T00:00:00+01:00;
NL10709;LML;Lievelde;Lievelde;52.016998;6.590000;21.000;1976-04-03T00:00:00+01:00;1985-01-01T00:00:00+01:00
NL10529;LML;Lisserbroek;Lisserbroek;52.261002;4.586000;-5.000;1976-04-03T00:00:00+01:00;1985-01-01T00:00:00+01:00
NL10704;LML;Loenen (Gld);Loenen (Gld);52.125999;6.027000;21.000;1976-04-03T00:00:00+01:00;1993-05-01T00:00:00+01:00
NL10733;LML;Loenen-Eerbeeksedijk;Loenen (Gld);52.120998;6.037000;15.000;1993-05-01T00:00:00+01:00;2002-04-23T00:00:00+01:00
NL10813;LML;Losser;Losser;52.263000;7.017000;31.000;1976-04-03T00:00:00+01:00;1985-01-01T00:00:00+01:00
NL2182_2;PBP_MAN;Luistenbuul;Uiterwaarden Lek;51.976170;4.998580;0.000;2024-01-01T00:00:00+01:00;
NL10734;LML;Lunteren;Lunteren;52.109070;5.638280;15.000;1992-08-12T00:00:00+01:00;1994-03-22T00:00:00+01:00
NL10106;LML;Maalbroek;Maalbroek;51.201000;6.066000;28.000;1976-01-03T00:00:00+01:00;1993-12-31T00:00:00+01:00
NL10604;LML;Maarssen;Maarssen;52.131001;5.101000;0.000;1976-04-03T00:00:00+01:00;1985-01-02T00:00:00+01:00
NL01495;DCMR;Maassluis-Kwartellaan;Maassluis;51.932039;4.228025;4.000;2003-01-01T00:00:00+01:00;
NL10415;LML;Maassluis-Vlaardingsedijk;Maassluis;51.914722;4.259167;3.000;1976-04-04T00:00:00+01:00;2010-01-05T00:00:00+01:00
NL50010;ODZL;Maastricht Philipsweg;Maastricht;50.841050;5.718977;47.000;2019-06-01T00:00:00+01:00;
NL50009;ODZL;Maastricht-A2 Kasteel Hillenraadweg;Maastricht;50.859810;5.713810;49.000;2015-06-01T00:00:00+01:00;2023-05-17T00:00:00+01:00
NL50004;ODZL;Maastricht-A2 Nassaulaan;Maastricht;50.845941;5.714745;50.000;2004-01-01T00:00:00+01:00;
NL10121;LML;Maastricht-Centrum;Maastricht;50.852001;5.699000;69.000;1976-01-03T00:00:00+01:00;1985-01-01T00:00:00+01:00
NL50007;ODZL;Maastricht-Hoge Fronten;Maastricht;50.852049;5.675796;69.000;2013-01-01T00:00:00+01:00;
NL10120;LML;Maastricht-Noord;Maastricht;50.862999;5.720000;46.000;1976-01-03T00:00:00+01:00;1985-12-02T00:00:00+01:00
NL10122;LML;Maastricht-West;Maastricht;50.855000;5.666000;70.000;1976-01-03T00:00:00+01:00;1985-01-01T00:00:00+01:00
NL01497;DCMR;Maasvlakte;Rotterdam;51.933517;3.999720;21.000;2021-12-01T00:00:00+01:00;
NL10206;LML;Mariaheide;Mariaheide;51.638000;5.597000;21.000;1976-01-03T00:00:00+01:00;1985-01-01T00:00:00+01:00
NL10114;LML;Meers;Meers;50.964001;5.742000;38.000;1976-01-03T00:00:00+01:00;1985-12-02T00:00:00+01:00
NL50013;ODZL;Meerssen Beekerweg;Meerssen;50.905079;5.773652;99.000;2024-06-01T00:00:00+01:00;
NL10304;LML;Middelburg;Middelburg;51.495998;3.610000;3.000;1976-01-03T00:00:00+01:00;1985-01-01T00:00:00+01:00
NL233MI;PBP_SM;Middelburg;Zeeland;51.504740;3.620580;6.000;2018-12-01T00:00:00+01:00;
NL10429;LML;Middelharnis;Middelharnis;51.755001;4.159000;1.000;1976-04-03T00:00:00+01:00;1993-12-31T00:00:00+01:00
NL10216;LML;Milheeze;Milheeze;51.509998;5.795000;34.000;1976-01-03T00:00:00+01:00;1986-04-01T00:00:00+01:00
NL53004;OMWB;Moerdijk Julianastraat;Moerdijk;51.699409;4.623713;0.000;2013-01-01T00:00:00+01:00;
NL10245;LML;Moerdijk-Julianastraat;Moerdijk;51.699389;4.623598;2.000;2007-07-01T00:00:00+01:00;2013-03-20T00:00:00+01:00
NL21114_4;PBP_MAN;Molenpolder;Oostelijke Vechtplassen;52.149710;5.086780;0.000;2023-12-01T00:00:00+01:00;
NL10410;LML;Monster;Monster;52.016998;4.183000;1.000;1976-01-03T00:00:00+01:00;1986-04-01T00:00:00+01:00
NL10526;LML;Muiden;Muiden;52.320999;5.096000;0.000;1976-04-03T00:00:00+01:00;1986-04-01T00:00:00+01:00
NL2144_2;PBP_MAN;Munnikendal;Manteling Walcheren;51.589440;3.587410;3.000;2017-04-01T00:00:00+01:00;
NL10435;LML;Naaldwijk;Naaldwijk;51.988998;4.205000;1.000;1986-12-19T00:00:00+01:00;1992-03-01T00:00:00+01:00
NL10443;LML;Naaldwijk;Naaldwijk;51.988998;4.205000;1.000;1992-02-28T00:00:00+01:00;1994-01-01T00:00:00+01:00
NL10105;LML;Nederweert;Nederweert;51.249001;5.813000;30.000;1976-01-03T00:00:00+01:00;1993-09-01T00:00:00+01:00
NL50011;ODZL;Nederweert Kuilstraat;Nederweert;51.303331;5.771363;32.000;2024-01-01T00:00:00+01:00;
NL21114_3;PBP_MAN;Nera;Oostelijke Vechtplassen;52.239810;5.071490;-2.000;2018-12-01T00:00:00+01:00;
NL10233;LML;Netersel;Netersel;51.414001;5.212000;24.000;1986-11-21T00:00:00+01:00;1993-12-31T00:00:00+01:00
NL10999;LML;Niehove-Heereburen;Niehove;53.285999;6.330000;0.000;1996-09-01T00:00:00+01:00;2000-01-05T00:00:00+01:00
NL10922;LML;Nieuw-Balinge;Nieuw-Balinge;52.765999;6.610000;19.000;1976-04-03T00:00:00+01:00;1985-01-01T00:00:00+01:00
NL10311;LML;Nieuw-Namen;Nieuw-Namen;51.312000;4.167000;1.000;1976-01-03T00:00:00+01:00;1993-12-31T00:00:00+01:00
NL10319;LML;Nieuwdorp-Coudorp;Nieuwdorp;51.464457;3.744999;1.000;2009-09-01T00:00:00+01:00;2014-12-03T00:00:00+01:00
NL10611;LML;Nieuwegein;Nieuwegein;52.041000;5.112000;1.000;1976-04-03T00:00:00+01:00;1986-04-02T00:00:00+01:00
NL10910;LML;Nieuweschans;Nieuweschans;53.178001;7.204000;4.000;1976-04-03T00:00:00+01:00;1985-01-01T00:00:00+01:00
NL10403;LML;Nieuwkoop;Nieuwkoop;52.148998;4.772000;-4.000;1976-01-03T00:00:00+01:00;1986-04-01T00:00:00+01:00
NL12542;LMRe;Nieuwkoop;Nieuwkoop;52.083333;4.816667;-1.000;1982-06-29T00:00:00+01:00;1986-01-14T00:00:00+01:00
NL10911;LML;Nijega;Nijega;53.141998;6.015000;0.000;1976-04-03T00:00:00+01:00;1986-04-01T00:00:00+01:00
NL10720;LML;Nijmegen;Nijmegen;51.841999;5.859000;33.000;1976-04-03T00:00:00+01:00;1992-01-01T00:00:00+01:00
NL10741;LML;Nijmegen-Graafseweg;Nijmegen;51.841380;5.857772;31.000;2003-05-01T00:00:00+01:00;
NL10742;LML;Nijmegen-Ruyterstraat;Nijmegen;51.838221;5.856938;31.000;2003-05-13T00:00:00+01:00;
NL10248;LML;Nistelrode-Gagelstraat;Nistelrode;51.698161;5.543321;8.000;2022-12-01T00:00:00+01:00;
NL10125;LML;Noorbeek;Noorbeek;50.768002;5.820000;180.000;1976-01-03T00:00:00+01:00;1985-01-01T00:00:00+01:00
NL10906;LML;Noordwolde;Noordwolde;53.292000;6.629000;-1.000;1976-04-02T00:00:00+01:00;1985-01-01T00:00:00+01:00
NL10431;LML;Numansdorp;Numansdorp;51.723999;4.422000;0.000;1976-04-03T00:00:00+01:00;1985-01-01T00:00:00+01:00
NL10109;LML;Obbicht;Obbicht;51.023998;5.778000;34.000;1976-01-03T00:00:00+01:00;1985-01-01T00:00:00+01:00
NL224_1;PBP_BB;Oirlo 1;Oirlo;51.497410;6.036080;28.000;2019-10-01T00:00:00+01:00;2020-11-01T00:00:00+01:00
NL224_2;PBP_BB;Oirlo 2;Oirlo;51.500550;6.042450;24.000;2019-10-01T00:00:00+01:00;2020-11-01T00:00:00+01:00
NL224_4;PBP_BB;Oirlo 4;Oirlo;51.497610;6.038500;24.000;2019-10-01T00:00:00+01:00;2020-11-01T00:00:00+01:00
NL224_7;PBP_BB;Oirlo 7;Oirlo;51.505960;6.021810;25.000;2019-10-01T00:00:00+01:00;2020-11-01T00:00:00+01:00
NL224_8;PBP_BB;Oirlo 8;Oirlo;51.505850;6.020800;27.000;2019-10-01T00:00:00+01:00;2020-11-01T00:00:00+01:00
NL10917;LML;Onstwedde;Onstwedde;53.026001;7.015000;5.000;1976-04-03T00:00:00+01:00;1986-04-01T00:00:00+01:00
NL10124;LML;Oost-Maarland;Oost-Maarland;50.794998;5.712000;52.000;1976-01-03T00:00:00+01:00;1993-12-31T00:00:00+01:00
NL2187_1;PBP_MAN;Oostelijk Veld;Boetelerveld;52.363655;6.330409;9.000;2017-04-01T00:00:00+01:00;
NL10223;LML;Ossendrecht;Ossendrecht;51.389000;4.321000;2.000;1976-01-03T00:00:00+01:00;1985-04-01T00:00:00+01:00
NL53001;OMWB;Ossendrecht Burgermeester Voetenstraat;Ossendrecht;51.393261;4.320237;7.000;2012-01-01T00:00:00+01:00;
NL49565;PNH;Oude Meer-Aalsmeerderdijk;Schiphol-Rijk;52.279949;4.770670;2.000;2010-09-13T00:00:00+01:00;
NL49562;PNH;Oude Meer-Fokkerweg;Schiphol-Rijk;52.287445;4.766618;-2.000;1998-01-01T00:00:00+01:00;2010-11-17T00:00:00+01:00
NL2113_3;PBP_MAN;Oude Willem;Drents Friese Wold;52.907620;6.327570;9.000;2021-01-01T00:00:00+01:00;
NL10721;LML;Overasselt;Overasselt;51.762001;5.792000;15.000;1976-04-03T00:00:00+01:00;1986-04-01T00:00:00+01:00
NL2146_3;PBP_MAN;Pallandpad;Meyendel;52.140020;4.371380;16.000;2019-02-01T00:00:00+01:00;
NL21930_3;PBP_MAN;Park Vliegbasis Soesterberg;Utrechtse Heuvelrug;52.129740;5.267120;0.000;2024-01-01T00:00:00+01:00;
NL01486;DCMR;Pernis-Soetemanweg;Pernis;51.887869;4.388808;-1.000;2004-01-01T00:00:00+01:00;2016-03-02T00:00:00+01:00
NL10536;LML;Petten;Petten;52.763000;4.651000;6.000;1986-12-04T00:00:00+01:00;1993-12-31T00:00:00+01:00
NL10313;LML;Philippine;Philippine;51.278000;3.718000;1.000;1976-01-03T00:00:00+01:00;1986-04-01T00:00:00+01:00
NL10318;LML;Philippine-Stelleweg;Braakman;51.294466;3.749409;5.000;1986-03-31T00:00:00+01:00;
NL12318;LMRe;Philippine-Stelleweg;Braakman;51.294466;3.749409;5.000;1982-12-31T00:00:00+01:00;
NL10408;LML;Pijnacker;Pijnacker;52.026001;4.418000;-5.000;1976-01-03T00:00:00+01:00;1993-09-01T00:00:00+01:00
NL2170_2;PBP_MAN;Polder Kortgerecht;Lingegebied en Diefdijk;51.932960;5.143920;0.000;2024-01-01T00:00:00+01:00;
NL10107;LML;Posterholt-Vlodropperweg;Posterholt;51.119194;6.042399;35.000;1976-01-03T00:00:00+01:00;
NL20107;PBP_LML;Posterholt-Vlodropperweg;Posterholt;51.119190;6.042399;35.000;2017-03-01T00:00:00+01:00;2019-08-01T00:00:00+01:00
NL10715;LML;Puiflijk;Puiflijk;51.874001;5.588000;6.000;1977-05-20T00:00:00+01:00;1986-04-02T00:00:00+01:00
NL10226;LML;Putte;Putte;51.358002;4.392000;12.000;1976-01-03T00:00:00+01:00;1984-12-29T00:00:00+01:00
NL10234;LML;Putte-Larikslaan;Putte;51.366001;4.388000;13.000;1986-10-16T00:00:00+01:00;1999-01-01T00:00:00+01:00
NL01489;DCMR;Ridderkerk-Hogeweg;Ridderkerk;51.869431;4.580058;2.000;2001-06-17T00:00:00+01:00;
NL01912;DCMR;Ridderkerk-Voorweg;Ridderkerk;51.861687;4.563767;2.000;2018-06-13T00:00:00+01:00;
NL10215;LML;Riel;Riel;51.518002;4.980000;19.000;1976-01-03T00:00:00+01:00;1984-12-29T00:00:00+01:00
NL10406;LML;Rijswijk;Rijswijk;52.062000;4.339000;2.000;1976-01-03T00:00:00+01:00;1986-04-01T00:00:00+01:00
NL10419;LML;Rockanje;Rockanje;51.882999;4.054000;3.000;1976-01-03T00:00:00+01:00;1993-12-31T00:00:00+01:00
NL10912;LML;Roden;Roden;53.153999;6.416000;3.000;1976-04-03T00:00:00+01:00;1986-04-01T00:00:00+01:00
NL2119_2;PBP_MAN;Roderwolderdijk;Leekstermeergebied;53.183480;6.496250;0.000;2019-01-01T00:00:00+01:00;
NL01493;DCMR;Rotterdam Noord-Statenweg;Rotterdam;51.927111;4.461344;2.000;2005-03-01T00:00:00+01:00;
NL01487;DCMR;Rotterdam Zuid-Pleinweg;Rotterdam;51.891147;4.480690;3.000;2009-07-01T00:00:00+01:00;
NL01488;DCMR;Rotterdam Zuid-Zwartewaalstraat;Rotterdam;51.893627;4.487583;2.000;2009-07-01T00:00:00+01:00;
NL10448;LML;Rotterdam-Bentinckplein;Rotterdam;51.927110;4.461340;2.000;2005-03-01T00:00:00+01:00;2023-01-01T00:00:00+01:00
NL10414;LML;Rotterdam-Noord;Rotterdam;51.958000;4.490000;-2.000;1976-01-04T00:00:00+01:00;1985-01-01T00:00:00+01:00
NL01491;DCMR;Rotterdam-Oost Sidelinge A13;Rotterdam;51.938593;4.430711;-1.000;2001-01-16T00:00:00+01:00;
NL10418;LML;Rotterdam-Schiedamsevest;Rotterdam;51.914233;4.479998;1.000;1976-01-02T00:00:00+01:00;
NL01492;DCMR;Rotterdam-Vasteland;Rotterdam;51.914233;4.479998;1.000;2007-06-06T00:00:00+01:00;
NL12434;LMRe;Rotterdam-Vliegveldweg;Rotterdam;51.953953;4.442436;-5.000;1978-01-02T00:00:00+01:00;2012-12-30T00:00:00+01:00
NL10421;LML;Rotterdam-Zuid-21;Rotterdam;51.883999;4.429000;4.000;1976-04-25T00:00:00+01:00;1986-04-01T00:00:00+01:00
NL10423;LML;Rotterdam-Zuid-23;Rotterdam;51.874001;4.496000;-1.000;1976-01-02T00:00:00+01:00;1985-01-01T00:00:00+01:00
NL2165_4;PBP_MAN;Rozendaalse Heide;Veluwe;52.036270;5.950820;61.000;2018-12-01T00:00:00+01:00;
NL2165_12;PBP_MAN;Rozendaalse Heide A50 1;Veluwe;52.031770;5.928050;48.000;2018-12-01T00:00:00+01:00;
NL10514;LML;Santpoort;Santpoort;52.424000;4.648000;1.000;1976-04-03T00:00:00+01:00;1986-04-01T00:00:00+01:00
NL10913;LML;Sappemeer-Borgercompagnie;Sappemeer;53.144001;6.800000;13.000;1976-04-03T00:00:00+01:00;2002-04-02T00:00:00+01:00
NL10315;LML;Sas van Gent-Westkade;Sas van Gent;51.213001;3.800000;10.000;1976-01-03T00:00:00+01:00;1999-01-01T00:00:00+01:00
NL10309;LML;Sasput;Sasput;51.372002;3.601000;1.000;1976-01-03T00:00:00+01:00;1993-12-31T00:00:00+01:00
NL239SA;PBP_SM;Sauwerd;Groningen;53.291750;6.540290;5.000;2018-12-01T00:00:00+01:00;
NL10117;LML;Schaesberg;Schaesberg;50.898998;6.013000;150.000;1976-01-03T00:00:00+01:00;1985-01-01T00:00:00+01:00
NL10810;LML;Schalkhaar;Schalkhaar;52.266998;6.212000;14.000;1976-04-03T00:00:00+01:00;1986-04-01T00:00:00+01:00
NL2168_3;PBP_MAN;Schapenwei;Voornes Duin;51.893680;4.040160;3.000;2018-12-01T00:00:00+01:00;
NL10417;LML;Schiedam;Schiedam;51.907002;4.393000;4.000;1976-05-01T00:00:00+01:00;1985-01-01T00:00:00+01:00
NL10439;LML;Schiedam;Schiedam;51.907002;4.398000;7.000;1987-08-04T00:00:00+01:00;1993-12-31T00:00:00+01:00
NL01494;DCMR;Schiedam-Alphons Arienstraat;Schiedam;51.921389;4.401389;3.000;2003-01-01T00:00:00+01:00;
NL12935;LMRe;Schiermonnikoog;Schiermonnikoog;53.481734;6.170467;4.000;1978-12-31T00:00:00+01:00;1982-12-31T00:00:00+01:00
NL10112;LML;Schinveld;Schinveld;50.980000;5.993000;54.000;1976-01-03T00:00:00+01:00;1985-12-02T00:00:00+01:00
NL10411;LML;Schipluiden-Groeneveld;Schipluiden;51.992621;4.280673;-2.000;1976-01-03T00:00:00+01:00;2013-01-03T00:00:00+01:00
NL10925;LML;Schottershuizen;Schottershuizen;52.633999;6.417000;12.000;1976-04-03T00:00:00+01:00;1986-04-01T00:00:00+01:00
NL10921;LML;Sellingen;Sellingen;52.926998;7.146000;11.000;1976-04-03T00:00:00+01:00;1993-12-31T00:00:00+01:00
NL10111;LML;Sittard;Sittard;50.987000;5.865000;0.000;1976-01-03T00:00:00+01:00;1985-01-01T00:00:00+01:00
NL01913;DCMR;Sluiskil-Stroodorpestraat;Sluiskil;51.279380;3.838590;2.000;2020-12-10T00:00:00+01:00;
NL10602;LML;Spakenburg;Spakenburg;52.266998;5.339000;0.000;1976-04-03T00:00:00+01:00;1985-01-01T00:00:00+01:00
NL12732;LMRe;Speuld-Garderenseweg;Speuld;52.271758;5.720653;23.000;1992-12-30T00:00:00+01:00;
NL12730;LMRe;Speulderbos;Ermelo;52.251136;5.690022;71.000;1991-01-02T00:00:00+01:00;1992-01-01T00:00:00+01:00
NL10902;LML;Spijk;Spijk;53.403999;6.839000;1.000;1976-04-03T00:00:00+01:00;1985-01-01T00:00:00+01:00
NL10425;LML;Spijkenisse;Spijkenisse;51.855000;4.309000;2.000;1976-04-07T00:00:00+01:00;1993-12-31T00:00:00+01:00
NL10103;LML;Steeg;Steeg;51.389999;6.007000;29.000;1976-01-03T00:00:00+01:00;1993-12-31T00:00:00+01:00
NL10718;LML;Stokkum;Stokkum;51.874001;6.207000;16.000;1976-04-03T00:00:00+01:00;1985-01-01T00:00:00+01:00
NL53020;OMWB;Strijensas Buitendijk;Moerdijk;51.713395;4.585334;4.000;2016-01-01T00:00:00+01:00;
NL231SU;PBP_SM;Susteren;Limburg;51.062310;5.853800;39.000;2018-12-01T00:00:00+01:00;
NL10207;LML;Terheijden;Terheijden;51.633999;4.784000;1.000;1976-01-03T00:00:00+01:00;1993-12-31T00:00:00+01:00
NL10303;LML;Tholen;Tholen;51.516998;4.212000;0.000;1976-01-03T00:00:00+01:00;1986-04-01T00:00:00+01:00
NL10213;LML;Tilburg-Centrum;Tilburg;51.562000;5.092000;22.000;1976-01-03T00:00:00+01:00;1984-12-29T00:00:00+01:00
NL10214;LML;Tilburg-Zuid;Tilburg;51.542999;5.088000;15.000;1976-01-03T00:00:00+01:00;1986-04-01T00:00:00+01:00
NL2288_1;PBP_BB;Trimheuvel Zuid;Boschhuizerbergen;51.546600;6.011380;20.000;2019-11-01T00:00:00+01:00;2020-11-01T00:00:00+01:00
NL10808;LML;Tubbergen;Tubbergen;52.389000;6.810000;18.000;1976-04-03T00:00:00+01:00;1985-01-01T00:00:00+01:00
NL12819;LMRe;Twente;Twente;52.266998;6.900000;36.000;1978-01-02T00:00:00+01:00;1985-12-31T00:00:00+01:00
NL10927;LML;Tzum;Tzum;53.152000;5.573000;0.000;1977-04-21T00:00:00+01:00;1986-04-01T00:00:00+01:00
NL10701;LML;Uddel;Uddel;52.261002;5.780000;32.000;1976-04-03T00:00:00+01:00;1986-04-01T00:00:00+01:00
NL10719;LML;Ulft;Ulft;51.877998;6.399000;15.000;1976-04-03T00:00:00+01:00;1985-01-01T00:00:00+01:00
NL10802;LML;Urk;Urk;52.657002;5.603000;2.000;1976-04-03T00:00:00+01:00;1985-01-01T00:00:00+01:00
NL10610;LML;Utrecht-Centrum;Utrecht;52.090000;5.120000;15.000;1976-04-03T00:00:00+01:00;1986-04-02T00:00:00+01:00
NL10639;LML;Utrecht-Constant Erzeijstraat;Utrecht;52.067748;5.120507;4.000;1987-10-01T00:00:00+01:00;
NL10643;LML;Utrecht-Griftpark;Utrecht;52.101327;5.128211;5.000;2008-09-01T00:00:00+01:00;
NL10636;LML;Utrecht-Kardinaal de Jongweg;Utrecht;52.105063;5.124435;3.000;1987-10-29T00:00:00+01:00;
NL20636;PBP_LML;Utrecht-Kardinaal de Jongweg;Utrecht;52.105060;5.124435;2.000;2017-03-01T00:00:00+01:00;
NL10607;LML;Utrecht-Noord;Utrecht;52.111000;5.101000;13.000;1976-04-03T00:00:00+01:00;1985-01-01T00:00:00+01:00
NL10609;LML;Utrecht-Oost;Utrecht;52.089001;5.189000;11.000;1976-04-03T00:00:00+01:00;1983-05-05T00:00:00+01:00
NL10640;LML;Utrecht-Universiteitsbibliotheek;Utrecht;52.095514;5.125255;4.000;1987-12-02T00:00:00+01:00;2005-01-01T00:00:00+01:00
NL10638;LML;Utrecht-Vleutenseweg;Utrecht;52.092988;5.102292;6.000;1987-10-01T00:00:00+01:00;2013-01-03T00:00:00+01:00
NL10608;LML;Utrecht-West;Utrecht;52.097000;5.074000;1.000;1976-04-03T00:00:00+01:00;1986-04-02T00:00:00+01:00
NL10637;LML;Utrecht-Wittevrouwenstraat;Utrecht;52.096001;5.125000;13.000;1987-11-05T00:00:00+01:00;2004-10-02T00:00:00+01:00
NL10929;LML;Valthermond-Noorderdiep;Valthermond;52.875717;6.932693;11.000;2000-02-01T00:00:00+01:00;
NL12929;LMRe;Valthermond-Noorderdiep;Valthermond;52.875717;6.932693;11.000;2000-02-02T00:00:00+01:00;
NL20929;PBP_LML;Valthermond-Noorderdiep;Valthermond;52.875720;6.932693;10.000;2017-03-01T00:00:00+01:00;
NL23UBMID;PBP_SM;Veersesingel;Middelburg;51.504740;3.620580;6.000;2018-01-01T00:00:00+01:00;2019-01-01T00:00:00+01:00
NL10247;LML;Veldhoven-Europalaan;Veldhoven;51.407365;5.393328;26.000;2009-04-01T00:00:00+01:00;
NL10242;LML;Veldhoven-Rapportstraat;Veldhoven;51.408188;5.396275;25.000;2009-01-01T00:00:00+01:00;2009-07-01T00:00:00+01:00
NL49573;PNH;Velsen-Reijndersweg;Velsen-Noord;52.477999;4.578774;11.000;2011-01-01T00:00:00+01:00;
NL49572;PNH;Velsen-Staalstraat;Velsen-Noord;52.474402;4.628525;4.000;2011-01-01T00:00:00+01:00;
NL10511;LML;Velsen-Zuid;Velsen;52.459000;4.633000;8.000;1976-04-03T00:00:00+01:00;1993-08-01T00:00:00+01:00
NL10104;LML;Venlo;Venlo;51.375999;6.206000;40.000;1976-01-03T00:00:00+01:00;1993-12-31T00:00:00+01:00
NL231VE;PBP_SM;Venray;Limburg;51.522110;5.964210;35.000;2018-12-01T00:00:00+01:00;
NL225_1;PBP_BB;Venray 1;Venray;51.534290;6.000270;23.000;2019-11-01T00:00:00+01:00;2020-11-01T00:00:00+01:00
NL225_11;PBP_BB;Venray 11;Venray;51.528310;6.008590;27.000;2019-11-01T00:00:00+01:00;2020-11-01T00:00:00+01:00
NL225_2;PBP_BB;Venray 2;Venray;51.553680;5.987980;20.000;2019-10-01T00:00:00+01:00;2020-11-01T00:00:00+01:00
NL225_3;PBP_BB;Venray 3;Venray;51.526270;5.978940;26.000;2019-11-01T00:00:00+01:00;2020-11-01T00:00:00+01:00
NL225_4;PBP_BB;Venray 4;Venray;51.534990;5.997410;31.000;2019-10-01T00:00:00+01:00;2020-11-01T00:00:00+01:00
NL10433;LML;Vlaardingen-Floreslaan;Vlaardingen;51.910474;4.326303;-1.000;1984-03-31T00:00:00+01:00;2018-03-15T00:00:00+01:00
NL10416;LML;Vlaardingen-Lyceumlaan;Vlaardingen;51.916589;4.356639;-1.000;1976-04-10T00:00:00+01:00;2013-01-03T00:00:00+01:00
NL10449;LML;Vlaardingen-Riouwlaan;Vlaardingen;51.914880;4.329430;0.000;2019-03-27T00:00:00+01:00;
NL10307;LML;Vlissingen;Vlissingen;51.453999;3.569000;0.000;1976-01-03T00:00:00+01:00;1986-04-02T00:00:00+01:00
NL12319;LMRe;Vlissingen;Vlissingen;51.464457;3.744999;1.000;1978-01-02T00:00:00+01:00;1985-12-31T00:00:00+01:00
NL10232;LML;Volkel-Heikantsepad;Volkel;51.641998;5.661000;20.000;1986-11-20T00:00:00+01:00;2002-04-02T00:00:00+01:00
NL10803;LML;Vollenhove;Vollenhove;52.651001;6.016000;0.000;1976-12-24T00:00:00+01:00;1986-04-01T00:00:00+01:00
NL10402;LML;Voorschoten;Voorschoten;52.131001;4.423000;-2.000;1976-01-03T00:00:00+01:00;1993-12-31T00:00:00+01:00
NL10131;LML;Vredepeel-Vredeweg;Vredepeel;51.540480;5.853090;30.000;1984-03-31T00:00:00+01:00;
NL12131;LMRe;Vredepeel-Vredeweg;Vredepeel;51.540480;5.853090;30.000;1987-12-31T00:00:00+01:00;
NL20131;PBP_LML;Vredepeel-Vredeweg;Vredepeel;51.540480;5.853090;28.000;2017-03-01T00:00:00+01:00;
NL10916;LML;Vries;Vries;53.055000;6.572000;9.000;1976-04-03T00:00:00+01:00;1985-01-01T00:00:00+01:00
NL10308;LML;Waarde;Waarde;51.422001;4.082000;0.000;1976-01-03T00:00:00+01:00;1993-12-31T00:00:00+01:00
NL10626;LML;Wageningen;Wageningen;51.972000;5.642000;6.000;1976-04-03T00:00:00+01:00;1985-01-01T00:00:00+01:00
NL10724;LML;Wageningen-Binnenhaven;Wageningen;51.973999;5.649000;9.000;1987-03-01T00:00:00+01:00;2003-05-21T00:00:00+01:00
NL12724;LMRe;Wageningen-Binnenhaven;Wageningen;51.973999;5.649000;9.000;1987-12-31T00:00:00+01:00;2005-01-12T00:00:00+01:00
NL12746;LMRe;Wageningen-Veensteeg;Wageningen;51.981400;5.621900;6.000;2023-11-06T00:00:00+01:00;
NL10926;LML;Weijerswold;Weijerswold;52.659000;6.813000;10.000;1976-05-05T00:00:00+01:00;1993-12-31T00:00:00+01:00
NL10738;LML;Wekerom-Riemterdijk;Wekerom;52.111621;5.708419;22.000;1994-04-01T00:00:00+01:00;
NL20738;PBP_LML;Wekerom-Riemterdijk;Wekerom;52.111620;5.708419;22.000;2017-03-01T00:00:00+01:00;
NL21136_1;PBP_MAN;Werkschuur;Eilandspolder;52.576400;4.849350;0.000;2018-12-01T00:00:00+01:00;
NL10222;LML;Wernhout;Wernhout;51.431999;4.604000;13.000;1976-01-03T00:00:00+01:00;1993-12-31T00:00:00+01:00
NL10302;LML;Westkapelle;Westkapelle;51.537998;3.437000;12.000;1976-01-03T00:00:00+01:00;1985-01-01T00:00:00+01:00
NL10437;LML;Westmaas-Groeneweg;Westmaas;51.786580;4.450454;0.000;1988-09-21T00:00:00+01:00;
NL01437;DCMR;Westmaas-Groeneweg;Westmaas;51.786580;4.450454;0.000;2017-11-23T00:00:00+01:00;
NL10538;LML;Wieringerwerf-Medemblikkerweg;Wieringerwerf;52.803419;5.048987;-2.000;1986-03-31T00:00:00+01:00;
NL12538;LMRe;Wieringerwerf-Medemblikkerweg;Wieringerwerf;52.803419;5.048987;-2.000;1987-12-31T00:00:00+01:00;
NL20538;PBP_LML;Wieringerwerf-Medemblikkerweg;Wieringerwerf;52.803420;5.048987;-5.000;2017-03-01T00:00:00+01:00;
NL49557;GGDA;Wijk aan Zee-Bosweg;Wijk aan Zee;52.490052;4.599313;22.000;2020-12-01T00:00:00+01:00;
NL49553;PNH;Wijk aan Zee-Burgemeester Rothestraat;Wijk aan Zee;52.494000;4.602383;11.000;1997-01-01T00:00:00+01:00;
NL10133;LML;Wijnandsrade-Opfergeltstraat;Wijnandsrade;50.902325;5.881695;91.000;1987-04-30T00:00:00+01:00;
NL20133;PBP_LML;Wijnandsrade-Opfergeltstraat;Wijnandsrade;50.902330;5.881695;88.000;2017-03-01T00:00:00+01:00;2019-08-01T00:00:00+01:00
NL238WI;PBP_SM;Willemsoord;Overijssel;52.826430;6.059950;11.000;2018-12-01T00:00:00+01:00;
NL10717;LML;Winterswijk;Winterswijk;51.921001;6.686000;36.000;1976-04-03T00:00:00+01:00;1993-12-31T00:00:00+01:00
NL10126;LML;Wittem;Wittem;50.757000;5.910000;148.000;1976-01-03T00:00:00+01:00;1985-12-02T00:00:00+01:00
NL10928;LML;Witteveen-Talmaweg;Witteveen;52.812355;6.668306;19.000;1984-03-31T00:00:00+01:00;2000-03-03T00:00:00+01:00
NL12928;LMRe;Witteveen-Talmaweg;Witteveen;52.812355;6.668306;19.000;1978-01-02T00:00:00+01:00;2000-02-01T00:00:00+01:00
NL10907;LML;Woldendorp;Woldendorp;53.269001;7.005000;-1.000;1976-04-03T00:00:00+01:00;1986-04-01T00:00:00+01:00
NL10919;LML;Wolvega;Wolvega;52.891998;6.006000;1.000;1976-04-03T00:00:00+01:00;1986-04-01T00:00:00+01:00
NL221_10;PBP_BB;Ysselsteyn 10;Venray;51.497480;5.891780;31.000;2019-10-01T00:00:00+01:00;2020-11-01T00:00:00+01:00
NL221_3;PBP_BB;Ysselsteyn 3;Venray;51.487550;5.898200;34.000;2019-10-01T00:00:00+01:00;2020-11-01T00:00:00+01:00
NL221_5;PBP_BB;Ysselsteyn 5;Venray;51.494480;5.916470;35.000;2019-10-01T00:00:00+01:00;2020-11-01T00:00:00+01:00
NL10310;LML;Zaamslag;Zaamslag;51.341999;3.900000;7.000;1976-01-03T00:00:00+01:00;1985-01-01T00:00:00+01:00
NL10512;LML;Zaandam-Oost;Zaandam;52.441002;4.845000;-1.000;1976-04-16T00:00:00+01:00;1985-01-01T00:00:00+01:00
NL49701;GGDA;Zaandam-Wagenschotpad;Zaandam;52.448011;4.816706;2.000;2006-01-01T00:00:00+01:00;
NL10513;LML;Zaandam-West;Zaandam;52.431000;4.792000;2.000;1976-04-03T00:00:00+01:00;1992-10-01T00:00:00+01:00
NL10546;LML;Zaanstad-Hemkade;Zaanstad;52.420220;4.832063;1.000;2010-01-01T00:00:00+01:00;2012-01-06T00:00:00+01:00
NL49546;PNH;Zaanstad-Hemkade;Zaandam;52.420230;4.832060;4.000;2012-01-01T00:00:00+01:00;
NL10633;LML;Zegveld-Oude Meije;Zegveld;52.137950;4.838190;-2.000;1987-05-12T00:00:00+01:00;
NL20633;PBP_LML;Zegveld-Oude Meije;Zegveld;52.137950;4.838190;-2.000;2017-03-01T00:00:00+01:00;
NL53016;OMWB;Zevenbergen Galgenweg;Moerdijk;51.652791;4.594485;0.000;2013-01-01T00:00:00+01:00;
NL10409;LML;Zevenhuizen;Zevenhuizen;51.993999;4.591000;-5.000;1976-01-04T00:00:00+01:00;1993-12-31T00:00:00+01:00
NL10301;LML;Zierikzee-Lange Slikweg;Zierikzee;51.634726;3.916636;1.000;1976-01-03T00:00:00+01:00;
NL20301;PBP_LML;Zierikzee-Lange Slikweg;Zierikzee;51.634730;3.916636;-1.000;2017-03-01T00:00:00+01:00;
NL2121_3;PBP_MAN;Zijpedijk;Zwanenwater;52.814870;4.703950;7.000;2018-12-01T00:00:00+01:00;
NL2288_3;PBP_BB;Zuiderbergweg;Boschhuizerbergen;51.538900;6.010920;22.000;2019-11-01T00:00:00+01:00;2020-11-01T00:00:00+01:00
NL10219;LML;Zundert;Zundert;51.497002;4.588000;13.000;1976-01-03T00:00:00+01:00;1984-12-29T00:00:00+01:00
NL10705;LML;Zutphen;Zutphen;52.153999;6.209000;6.000;1976-04-03T00:00:00+01:00;1985-01-01T00:00:00+01:00
NL10924;LML;Zwartemeer;Zwartemeer;52.722000;7.050000;20.000;1976-04-03T00:00:00+01:00;1985-01-01T00:00:00+01:00
NL10420;LML;Zwartewaal;Zwartewaal;51.886002;4.227000;0.000;1976-04-10T00:00:00+01:00;1993-12-31T00:00:00+01:00
NL10806;LML;Zwolle;Zwolle;52.514000;6.096000;2.000;1976-04-03T00:00:00+01:00;1986-04-02T00:00:00+01:00
NL10430;LML;s-Gravendeel;'s-Gravendeel;51.770000;4.595000;-1.000;1976-04-04T00:00:00+01:00;1985-01-01T00:00:00+01:00
NL233GR;PBP_SM;s-Gravenpolder;Zeeland;51.460140;3.903710;1.000;2018-12-01T00:00:00+01:00;
NL10306;LML;s-Heerenhoek;'s-Heerenhoek;51.459000;3.760000;1.000;1976-01-03T00:00:00+01:00;1986-04-02T00:00:00+01:00
